{"cameraMode":{"drawMode":0,"name":"Shaded","section":"Shading Mode"},"sceneLighting":true,"audioPlay":false,"sceneViewState":{"m_AlwaysRefresh":false,"showFog":true,"showSkybox":true,"showFlares":true,"showImageEffects":true,"showParticleSystems":true,"showVisualEffectGraphs":true,"m_FxEnabled":true},"in2DMode":false,"pivot":{"x":4.9087700843811039,"y":5.318891525268555,"z":4.797945022583008},"rotation":{"x":-0.08843329548835755,"y":0.8973375558853149,"z":-0.20992594957351685,"w":-0.37801456451416018},"size":0.13583533465862275,"orthographic":false}